d_k,max_without_scaling,entropy_without_scaling,max_with_scaling,entropy_with_scaling
8,0.624377083121752,1.0548020437985068,0.31414376794286725,1.9338766247103019
16,0.7246245113344766,0.7452365423673915,0.3163407150812478,1.9293689838962964
32,0.8029589720590541,0.5189550501533945,0.31717181616053625,1.926174982464442
64,0.8695716242758685,0.3375757808484058,0.32276096587205677,1.9198297663068056
128,0.9028125940126425,0.24669188461578304,0.3150424077058612,1.9325584167727774
256,0.9335678879039195,0.16572842722516445,0.31893567830004216,1.926462939557081
